{
    "roc_auc": 0.9873486207419586,
    "precision": 0.9354866718763567,
    "recall": 0.8521711619077751,
    "f1_score": 0.891887417218543,
    "log_loss": 0.13885776182518278
}